﻿Domain Code,Domain,Area Code (M49),Area,Element Code,Element,Item Code (CPC),Item,Year Code,Year,Unit,Value,Flag,Flag Description
"FBS","Food Balances (2010-)","398","Kazakhstan","511","Total Population - Both sexes","S2501","Population","2019","2019","1000 persons","18551.43","X","Figure from international organizations"
"FBS","Food Balances (2010-)","417","Kyrgyzstan","511","Total Population - Both sexes","S2501","Population","2019","2019","1000 persons","6415.85","X","Figure from international organizations"
"FBS","Food Balances (2010-)","762","Tajikistan","511","Total Population - Both sexes","S2501","Population","2019","2019","1000 persons","9321.02","X","Figure from international organizations"
"FBS","Food Balances (2010-)","795","Turkmenistan","511","Total Population - Both sexes","S2501","Population","2019","2019","1000 persons","5942.09","X","Figure from international organizations"
"FBS","Food Balances (2010-)","860","Uzbekistan","511","Total Population - Both sexes","S2501","Population","2019","2019","1000 persons","32981.72","X","Figure from international organizations"
