﻿Domain Code,Domain,Area Code (M49),Area,Element Code,Element,Item Code (CPC),Item,Year Code,Year,Unit,Value,Flag,Flag Description
"FBS","Food Balances (2010-)","084","Belize","511","Total Population - Both sexes","S2501","Population","2019","2019","1000 persons","390.35","X","Figure from international organizations"
"FBS","Food Balances (2010-)","188","Costa Rica","511","Total Population - Both sexes","S2501","Population","2019","2019","1000 persons","5047.56","X","Figure from international organizations"
"FBS","Food Balances (2010-)","222","El Salvador","511","Total Population - Both sexes","S2501","Population","2019","2019","1000 persons","6453.55","X","Figure from international organizations"
"FBS","Food Balances (2010-)","320","Guatemala","511","Total Population - Both sexes","S2501","Population","2019","2019","1000 persons","17581.47","X","Figure from international organizations"
"FBS","Food Balances (2010-)","340","Honduras","511","Total Population - Both sexes","S2501","Population","2019","2019","1000 persons","9746.12","X","Figure from international organizations"
"FBS","Food Balances (2010-)","484","Mexico","511","Total Population - Both sexes","S2501","Population","2019","2019","1000 persons","127575.53","X","Figure from international organizations"
"FBS","Food Balances (2010-)","558","Nicaragua","511","Total Population - Both sexes","S2501","Population","2019","2019","1000 persons","6545.5","X","Figure from international organizations"
"FBS","Food Balances (2010-)","591","Panama","511","Total Population - Both sexes","S2501","Population","2019","2019","1000 persons","4246.44","X","Figure from international organizations"
