﻿Domain Code,Domain,Area Code (M49),Area,Element Code,Element,Item Code (CPC),Item,Year Code,Year,Unit,Value,Flag,Flag Description
"FBS","Food Balances (2010-)","344","China, Hong Kong SAR","511","Total Population - Both sexes","S2501","Population","2019","2019","1000 persons","7436.15","X","Figure from international organizations"
"FBS","Food Balances (2010-)","446","China, Macao SAR","511","Total Population - Both sexes","S2501","Population","2019","2019","1000 persons","640.45","X","Figure from international organizations"
"FBS","Food Balances (2010-)","156","China, mainland","511","Total Population - Both sexes","S2501","Population","2019","2019","1000 persons","1433783.69","X","Figure from international organizations"
"FBS","Food Balances (2010-)","158","China, Taiwan Province of","511","Total Population - Both sexes","S2501","Population","2019","2019","1000 persons","23773.88","X","Figure from international organizations"
"FBS","Food Balances (2010-)","408","Democratic People's Republic of Korea","511","Total Population - Both sexes","S2501","Population","2019","2019","1000 persons","25666.16","X","Figure from international organizations"
"FBS","Food Balances (2010-)","392","Japan","511","Total Population - Both sexes","S2501","Population","2019","2019","1000 persons","126860.3","X","Figure from international organizations"
"FBS","Food Balances (2010-)","496","Mongolia","511","Total Population - Both sexes","S2501","Population","2019","2019","1000 persons","3225.17","X","Figure from international organizations"
"FBS","Food Balances (2010-)","410","Republic of Korea","511","Total Population - Both sexes","S2501","Population","2019","2019","1000 persons","51225.31","X","Figure from international organizations"
