﻿Domain Code,Domain,Area Code (M49),Area,Element Code,Element,Item Code (CPC),Item,Year Code,Year,Unit,Value,Flag,Flag Description
"FBS","Food Balances (2010-)","024","Angola","511","Total Population - Both sexes","S2501","Population","2019","2019","1000 persons","31825.29","X","Figure from international organizations"
"FBS","Food Balances (2010-)","120","Cameroon","511","Total Population - Both sexes","S2501","Population","2019","2019","1000 persons","25876.38","X","Figure from international organizations"
"FBS","Food Balances (2010-)","140","Central African Republic","511","Total Population - Both sexes","S2501","Population","2019","2019","1000 persons","4745.19","X","Figure from international organizations"
"FBS","Food Balances (2010-)","148","Chad","511","Total Population - Both sexes","S2501","Population","2019","2019","1000 persons","15946.88","X","Figure from international organizations"
"FBS","Food Balances (2010-)","178","Congo","511","Total Population - Both sexes","S2501","Population","2019","2019","1000 persons","5380.51","X","Figure from international organizations"
"FBS","Food Balances (2010-)","180","Democratic Republic of the Congo","511","Total Population - Both sexes","S2501","Population","2019","2019","1000 persons","86790.57","X","Figure from international organizations"
"FBS","Food Balances (2010-)","266","Gabon","511","Total Population - Both sexes","S2501","Population","2019","2019","1000 persons","2172.58","X","Figure from international organizations"
"FBS","Food Balances (2010-)","678","Sao Tome and Principe","511","Total Population - Both sexes","S2501","Population","2019","2019","1000 persons","215.06","X","Figure from international organizations"
