﻿Domain Code,Domain,Area Code (M49),Area,Element Code,Element,Item Code (CPC),Item,Year Code,Year,Unit,Value,Flag,Flag Description
"FBS","Food Balances (2010-)","012","Algeria","511","Total Population - Both sexes","S2501","Population","2019","2019","1000 persons","43053.05","X","Figure from international organizations"
"FBS","Food Balances (2010-)","818","Egypt","511","Total Population - Both sexes","S2501","Population","2019","2019","1000 persons","100388.07","X","Figure from international organizations"
"FBS","Food Balances (2010-)","434","Libya","511","Total Population - Both sexes","S2501","Population","2019","2019","1000 persons","6777.45","X","Figure from international organizations"
"FBS","Food Balances (2010-)","504","Morocco","511","Total Population - Both sexes","S2501","Population","2019","2019","1000 persons","36471.77","X","Figure from international organizations"
"FBS","Food Balances (2010-)","729","Sudan","511","Total Population - Both sexes","S2501","Population","2019","2019","1000 persons","42813.24","X","Figure from international organizations"
"FBS","Food Balances (2010-)","788","Tunisia","511","Total Population - Both sexes","S2501","Population","2019","2019","1000 persons","11694.72","X","Figure from international organizations"
